videoId,title,description,channelId,datePublished,durationSeconds,viewCount,likeCount,commentCount,hashtags,transcript,topic
6YGGFTKlDDw,‚ùå Pull Up Mistake (DON'T DO THIS!),"Stop shrugging your shoulders during pull-ups! Shrugging overactivates your traps, reducing tension in your lats and making the exercise less effective. While your lats will still work, they won‚Äôt be fully engaged.

To fix this, keep your shoulders depressed throughout the movement‚Äîexcept at the very bottom, where they‚Äôll naturally rise. By maintaining this position, you‚Äôll maximize lat engagement and perform pull-ups more efficiently.

Size & Shred Training program
üëâüèª deltabolic.com



Inquiries: deltabolic@gmail.com

Follow me on:
Tiktok https://tiktok.com/@deltabolic
IG: https://Instagram.com/deltabolic
Facebook: https://facebook.com/deltabolic
Threads: https://threads.net/deltabolic",UCerweoBkwQOb_zwx3NfUD1g,2025-01-17T20:13:26Z,6,13788823,133006,754,,,Health and Safety
MAnpqOXbKXk,World Richest Delta Force Player?,"Is this the world's richest Delta Force player? 

Like & Subscribe. Love you all!
https://www.youtube.com/@DashDF?sub_confirmation=1

#DeltaForce #DeltaForceGame #DeltaForcePC #DeltaForceMobile

Please ignore tags:
Dash Delta Force, Delta Force Season 2, Space City, Delta Force Mobile, Delta Force PC, Delta Force updates, Delta Force gameplay, Delta Force new maps, Delta Force new features, Delta Force Season 2 launch, Delta Force Season 2 PC update, Delta Force Season 2 Mobile update, Delta Force game modes, Delta Force news, Delta Force 2025, Delta Force armor buffs, Delta Force rank rewards, Delta Force Mandelbrick skin, Delta Force Scar-H skin, Delta Force new weapons, Delta Force Warfare mode, Delta Force operations mode., Operation Serpentine, Raid Mode Secret Locations, PvE Mode, Raid Mode easter eggs Layali Grove, secret crate locations, Easter eggs guide, Delta Force Mobile, Delta Force PC, crate hunt walkthrough, hidden loot locations, Delta Force tips and tricks, Delta Force operations mode, Delta Force gameplay guide, Layali Grove Easter eggs, Delta Force walkthrough, mobile gaming tips, PC gaming guide, Delta Force map secrets, rare loot locations, Delta Force treasure hunt, gaming crate locations, and Easter egg hunting tips Delta Force Hawk Ops gameplay, Delta Force mobile download, Delta Force Black Hawk Down mobile, Delta Force mobile gameplay tips, Delta Force iOS gameplay, Delta Force mobile release date, Delta Force beta gameplay, Delta Force mobile APK download, Delta Force Hawk Ops mobile game, Delta Force Android download, Delta Force new game trailers, Delta Force mobile gameplay review, Delta Force Hawk Ops campaign gameplay, Delta Force mobile features, Delta Force gaming community, Delta Force new mobile updates, Delta Force gameplay walkthrough, Delta Force mobile strategies, Delta Force multiplayer gameplay, Delta Force competitive play, Delta Force mobile events, Delta Force mobile hazard operations, Delta Force game modes, Delta Force character customization, Delta Force mobile maps, Delta Force mobile top 5 weapons, Delta Force tactical gameplay, Delta Force Mobile beginner guide, Delta Force mobile tips, Delta Force mobile online play, Delta Force mobile best class setups, Delta Force mobile havoc warfare gameplay, Delta Force mobile best weapons, Delta Force game reviews, Delta Force mobile news updates, Delta Force Hawk Ops trailers, Delta Force operator classes, Delta Force mobile beta testing, Delta Force community events, Delta Force mobile official announcements, Delta Force mobile system requirements, Delta Force mobile gameplay analysis, Delta Force mobile release announcements, Delta Force mobile gameplay highlights, Delta Force Mobile ScarH loadout, Delta Force mobile release date, console release date",UC1-gXLNU7AtC1jUzRs353vg,2025-01-30T20:30:03Z,17,1202205,14949,490,#DeltaForce #DeltaForceGame #DeltaForceMobile #DeltaForcePC,,Health and Safety
xNwpvDuZJ3k,‚úÖ The PERFECT Deadlift (DO THIS!),"The PERFECT Deadlift Form Tips

1Ô∏è‚É£ Stance ‚Äì Keep your feet hip-width apart for optimal balance and power.
2Ô∏è‚É£ Bar Placement ‚Äì Position the bar directly over your midfoot before lifting.
3Ô∏è‚É£ Hip Position ‚Äì Set your hips between your knees and upper back in the starting position.
4Ô∏è‚É£ Spine Alignment ‚Äì Maintain a neutral spine throughout the lift to prevent injury

Size & Shred Training program
üëâüèª deltabolic.com

Inquiries: deltabolic@gmail.com

Follow me on:
Tiktok https://tiktok.com/@deltabolic
IG: https://Instagram.com/deltabolic
Facebook: https://facebook.com/deltabolic
Threads: https://threads.net/deltabolic",UCerweoBkwQOb_zwx3NfUD1g,2025-02-03T23:47:32Z,11,2891791,35670,81,,,Health and Safety
hoPtnGLeBq8,14-Day Water Fast: Results and Weight Loss,"From This Past Weekend with Theo Von and guest MrBeast

Join us as we uncover the realities of a 14-day water fast. Discover the surprising weight loss results, muscle loss effects, and what truly happens to your body during such an extreme diet challenge. It's an eye-opening experience you won't want to miss!",UCkgQbgdY6c8S2CbmAfAlaDQ,2024-12-15T11:00:47Z,30,604489,8520,360,,,Health and Safety
VomfFEkwSA8,HERO ELEPHANT RESCUES CHILD IN HEART-STOPPING ZOO DRAMA! #elephant #zoo #rescue #animal üêò,"Watch an elephant tenderly touch a child‚Äôs head with its trunk before gently lifting the boy in an orange T-shirt to safety over a zoo fence! Tense tourists catch the child as the crowd cheers and films, the camera zooming in on this emotional rescue. The elephant raises its trunk in gratitude as the crowd celebrates! #ÈáéÁîüÂãïÁâ© #ÂãïÁâ© #rescuevideo #zoodrama #elephantrescue #heartwarming #naturelovers",UChcGL-FD46S65w5bz1W1zbQ,2025-07-18T13:30:27Z,11,92041164,803764,6900,#animal #elephant #elephantrescue #heartwarming #naturelovers #rescue #rescuevideo #zoo #zoodrama #ÂãïÁâ© #ÈáéÁîüÂãïÁâ©,,Health and Safety
Ak1iHbEeeY8,FIX THESE Squat Mistakes!,"Squat Mistakes and How to Fix Them

MISTAKE #1: Rounding Your Back
Rounding your back during a squat places unnecessary stress on your spine, increasing the risk of injury.
FIX: Focus on keeping your back straight and maintaining a neutral spine throughout the movement. Engage your core to support your posture.

MISTAKE #2: Knees Caving In on the Ascent
Allowing your knees to collapse inward can lead to joint strain, decreased squat efficiency, and potential injury.
FIX: Consciously drive your knees outward so they stay aligned with your toes during both the descent and ascent. Practicing this with lighter weights can help you build proper muscle memory.

MISTAKE #3: Heels Rising During the Descent
Lifting your heels off the ground creates instability, reduces power output, and compromises your squat efficiency.
FIX: Keep your heels firmly planted on the ground by focusing on distributing your weight evenly through your midfoot and heels. If flexibility is an issue, work on ankle mobility.

MISTAKE #4: Barbell Not Aligned with the Midfoot
When the barbell is misaligned with your midfoot, it can throw off your balance and reduce the effectiveness of the squat.
FIX: Always position the barbell directly over your midfoot before unracking and throughout the lift. This ensures optimal balance and power transfer.

Size & Shred Training program
üëâüèª deltabolic.com



Inquiries: deltabolic@gmail.com

Follow me on:
Tiktok https://tiktok.com/@deltabolic
IG: https://Instagram.com/deltabolic
Facebook: https://facebook.com/deltabolic
Threads: https://threads.net/deltabolic",UCerweoBkwQOb_zwx3NfUD1g,2025-01-16T02:41:43Z,11,2209742,35340,131,#1 #2 #3 #4,,Health and Safety
DGh7YdvwGxE,I Got So many Levels From This in Dying Light!!!,"this is how i ranked up in dying light to max level, i used a duplication glitch to get the disaster relief packages and duplicated them to get the amount needed, duplication glitch still works and is in the related video

#shortvideo #shorts #dyinglight",UCRBLzdLKAQr0lMZy80DyRmg,2025-06-15T14:12:16Z,27,604862,16971,209,#dyinglight #shorts #shortvideo,,Health and Safety
BnacvXdaxq8,Leg Press Variations (KNOW THE DIFFERENCE!),"Leg Press Variations - Know the Difference!
If you place your feet high on the leg press platform, you'll work more glutes. If you place your feet wider apart, you'll work more adductors and glutes. If you place your feet low, you'll work more quads. And if you place your feet close together, you'll work slightly more outer quads.

Size & Shred Training program
üëâüèª deltabolic.com



Inquiries: deltabolic@gmail.com

Follow me on:
Tiktok https://tiktok.com/@deltabolic
IG: https://Instagram.com/deltabolic
Facebook: https://facebook.com/deltabolic
Threads: https://threads.net/deltabolic",UCerweoBkwQOb_zwx3NfUD1g,2025-06-12T03:30:43Z,18,25171590,443647,1117,,,Health and Safety
9VWOAL5E0b0,‚úÖ Smart MTB Hack: Install Cable Wear Protection | AMS Product Review ‚úÖ #canyon #mtb #enduro #bike,"Short, sharp and straight from the AMS workshop. We‚Äôre testing out one of our low-key but super effective frame protection pieces ‚Äî the AMS Frame Guard ( Cable Rub part ).
This quick video shows you how easy it is to install the front-only piece to protect your frame from cable wear. Clean, simple, and it works. Shot at our HQ with a killer build that deserves proper protection.
üé• What‚Äôs in this video:
Close-up install of our AMS Frame Guard ‚Äì cable wear piece ‚úÖ 
Product in real use, not studio fakery ‚úÖ 
Featuring a top-tier bike straight from our store ‚úÖ 
Real-world use case, minimal setup ‚úÖ 
üõ†Ô∏è Product featured in this video:
üîó AMS Frame Guard: https://www.allmountainstyle.com/en-eu/collections/ams-clear-frame-protection
üì∫ Like what you see?
Subscribe to the channel to stay in the loop: 
@allmountainstyle

#mtb #mountainbike #frameguard #bikeprotection #amsbike #allmountainstyle #mtbupgrade #bikegear #mtbaccessories #bikelife #mtbstyle",UCwLWVbc2Y6yUixm7gMfxs4Q,2025-04-22T16:00:13Z,19,8405663,65206,59,#allmountainstyle #amsbike #bike #bikegear #bikelife #bikeprotection #canyon #enduro #frameguard #mountainbike #mtb #mtbaccessories #mtbstyle #mtbupgrade,,Health and Safety
B37JXZLf16g,You're straightening your hair wrong!,"Hi Beautiful! 

Shop XMONDO Hair: https://bit.ly/3ORSQMC
Shop XMONDO Color: https://bit.ly/3PaXyGM
Shop My Merch: https://xmondohair.com/collections/merchandise

Instagram: https://www.instagram.com/bradmondonyc/
Twitter: https://twitter.com/bradmondonyc
TikTok: https://www.tiktok.com/@bradmondonyc?utm_source=tt_10
XMONDO Instagram:  https://www.instagram.com/xmondohair/

Don't Forget To Live Your Extra Life.",UCoc_XJPj6YLMQDWtPDQcDtA,2023-10-15T15:00:08Z,34,1545873,62978,275,,,Health and Safety
Ebn7sHwIDkE,Preventing Falls After 65: Essential Precautions | Dr. Neeraja's Tips üëµüõ°Ô∏è,"In this video, Dr. Neeraja from Samagra Hospitals, Guntur, shares key precautions to prevent falls in seniors over 65. Discover simple yet effective strategies to improve safety, maintain balance, and reduce the risk of injury.

#FallPrevention #SeniorHealth #DrNeeraja #SamagraHospitals #Guntur #BestNeuroDoctorInGuntur #HealthyAging",UC-gdeHYGXNGnDD2JEZ35sIQ,2024-10-26T18:30:18Z,49,2609374,37993,397,#BestNeuroDoctorInGuntur #DrNeeraja #FallPrevention #Guntur #HealthyAging #SamagraHospitals #SeniorHealth,,Health and Safety
7_EnnG3IQKY,Top 4 Lifters Who Passed Out Mid-Rep üòµüí™ #shorts #funnyshorts #gymfails,"These lifters gave it their all‚Ä¶ and then gave out completely. üòµüí™
From deadlifts to full-on dropouts, here are the Top 4 lifters who passed out mid-rep ‚Äî and number 1 is just unreal!
Hit that like button for more hilarious gym fails & shocking workout moments.
#GymFails #LifterBlackouts #FitnessFails #WorkoutFails #FunnyShorts

üé¨ This video is for entertainment purposes. No lifters were seriously hurt ‚Äî just their pride.",UCzPWQSnSiOCSGEci-u-BjhA,2025-05-20T17:00:15Z,51,19580855,658882,1099,#FitnessFails #FunnyShorts #GymFails #LifterBlackouts #WorkoutFails #funnyshorts #gymfails #shorts,,Health and Safety
Moa9kCCy8uQ,laparoscopic Tubectomy #shorts #short #youtubeshorts #short #shortvideo,laparoscopic Tubectomy #shorts #short #youtubeshorts #short #shortvideo,UCHSoZdS3sdqUeOBKyaziJ8Q,2024-06-28T07:17:23Z,12,858441,3197,10,#short #shorts #shortvideo #youtubeshorts,,Health and Safety
7_OKmWQUVWQ,This Little Fighter Beat GBS! Early Detection Saved Him! | Dr. Neeraja,"Meet my favorite little warrior! ü¶∏‚Äç‚ôÇÔ∏èüíô This adorable kid was diagnosed with Guillain-Barr√© Syndrome (GBS)‚Äîa rare condition that can affect movement and nerves. But thanks to his parents' quick action and early diagnosis, we were able to start treatment on time, and today, he‚Äôs back to playing like any other happy child! üèÉ‚Äç‚ôÇÔ∏èüéâ

Early detection makes all the difference in medical conditions like GBS. Watch this heartwarming story to understand:
‚úÖ Why early signs of GBS matter
‚úÖ How timely treatment can change lives
‚úÖ A doctor‚Äôs happiest moments with little patients

üë©‚Äç‚öïÔ∏è Dr. Neeraja | Samagra Hospital, Guntur

üíñ Like, Share & Subscribe to spread awareness!

#GBSRecovery #EarlyDetectionSavesLives #DrNeeraja #MedicalMiracle #PediatricCare #DoctorDiaries",UC-gdeHYGXNGnDD2JEZ35sIQ,2025-02-08T09:55:00Z,39,708342,21153,404,#DoctorDiaries #DrNeeraja #EarlyDetectionSavesLives #GBSRecovery #MedicalMiracle #PediatricCare,,Health and Safety
R1WbVmjlXaY,Wash your hands before you eat! üßº‚ú® #mealtime #pinkfong,"You're watching ""Wash your hands before you eat! üßº‚ú®"", an educational and interactive series prepared to you by Pinkfong!

Listen to the ‚ú®BEST of the BEST‚ú® songs NOW:
https://www.youtube.com/playlist?list=PLQiKLJnked46wEDKReWiaLAABJtPGMb-f

üé• NEW videos EVERY WEEK:
https://www.youtube.com/playlist?list=PLQiKLJnked47CjZv_84RL77ebulATg9F7

Subscribe Pinkfong Baby Shark Official YouTube channel NOW: https://www.youtube.com/@Pinkfong?sub_confirmation=1

***
‚òÖ Subscribe üë∂üèº Bebefinn - Nursery Rhymes & Kids Songs ‚≠êÔ∏è
https://www.youtube.com/channel/UC-cY4X2sLECUhishGNiyofQ?sub_confirmation=1
‚òÖ Watch ü¶àBaby Shark from üë∂üèº Bebefinn: https://link.cleve.re/11982/01
‚òÖ Watch the 10 billion viewed Baby Shark Dance ü¶à ‚û°Ô∏èhttps://www.youtube.com/watch?v=XqZsoesa55w
‚òÖ Watch Kids' Compilation: https://youtube.com/playlist?list=PLQiKLJnked47YtNDiZvjuyQZZNFpwHM0v


‚≠êÔ∏è Get your Pinkfong Toys NOW at Amazon‚≠êÔ∏è
Link :https://www.amazon.com/stores/page/7C8FFD3F-9E0F-421B-8C06-77B2334A8BD3?ingress=0&visitId=721e8ff5-fa80-40bd-9e77-dd73a80dd3b4

üéÅ Visit our Official Store:
Buy Pinkfong & Baby Shark Sound Books: https://fong.kr/10826/

‚òÖ Download Pinkfong Baby Shark's Best Apps NOW!‚òÖ
ü¶à Baby Shark Kids World App: https://link.cleve.re/11632/28
üíï Pinkfong Plus : https://fong.kr/pinkfongplus.en/14

Follow us on Social Media for new updates and free promotions.
‚òÖ Website: https://www.pinkfong.com/en/
‚òÖ Instagram: https://www.instagram.com/pinkfong.official/
‚òÖ Facebook: https://www.facebook.com/pinkfong.official
‚òÖ TikTok: https://www.tiktok.com/@pinkfong_official?lang=ko-KR
‚òÖ Twitter: https://twitter.com/Pinkfong

‚òÖ Many Thanks to all of our 100 Million Subscribers on Youtube Channels!üéà
Please take a moment, and participate in a survey for better contents ‚úÖ
We would love to hear anything from you!
‚û°Ô∏è  https://forms.gle/83JN6rvW11oWcB977

--
Copyright ¬© 2025 The Pinkfong Company, Inc.  All Rights Reserved.
#pinkfong #babyshark #pinkfongsongs #pinkfongstories #pinkfongdance #rhymes #forkids",UCcdwLMPsaU2ezNSJU1nFoBQ,2025-05-01T12:00:46Z,20,10126244,71461,0,#babyshark #forkids #mealtime #pinkfong #pinkfongdance #pinkfongsongs #pinkfongstories #rhymes,,Health and Safety
GBeOwFxXmwE,Baby runs away from the hospital! üòÇüë∂üí® #Shorts,"This baby said ‚ÄúI‚Äôm outta here!‚Äù üòÖüèÉ‚Äç‚ôÇÔ∏è
Funniest baby escape ever! üë∂üí®

#BabyEscape #FunnyShorts #ViralShorts #BabyRun #ComedyShorts",UCb8ZDJst39-gyxfc5Q7dLJw,2025-10-13T14:49:22Z,10,1380919,3807,49,#BabyEscape #BabyRun #ComedyShorts #FunnyShorts #Shorts #ViralShorts,,Health and Safety
ny-_jXpHGk4,PM Modi casts his vote in the Vice Presidential Election 2025 | #shorts,"Prime Minister Narendra Modi casts his vote in the Vice Presidential election in 2025 at the parliament house in New Delhi.
#pmmodi #narendramodi #vicepresidentelection2025  

To Subscribe PM Narendra Modi's YouTube Channel click now at https://goo.gl/8qsb5E  and stay updatedüîî

To Follow PM Narendra Modi's WhatsApp Channel, click now at  https://www.whatsapp.com/channel/0029Va8IaebCMY0C8oOkQT1F

PM Narendra Modi's other social media platforms:

‚ñ∫ Download the NM App: http://nm4.in/dnldapp
‚ñ∫ Like us on Facebook: https://facebook.com/narendramodi
‚ñ∫ Follow us on Twitter: https://twitter.com/narendramodi
‚ñ∫ Follow us on Instagram: http://instagram.com/narendramodi",UC1NF71EwP41VdjAU1iXdLkw,2025-09-09T06:07:34Z,52,1584669,57172,1122,#narendramodi #pmmodi #shorts #vicepresidentelection2025,,Politics and Society
mGsz_jNTyI4,Amritpal ‡®è‡®ú‡©∞‡®∏‡©Ä‡®Ü‡®Ç ‡®¶‡®æ ‡®¨‡©∞‡®¶‡®æ- Sukhbir Badal | Khadoor Sahib Lok Sabha Election | N18S,"Amritpal ‡®è‡®ú‡©∞‡®∏‡©Ä‡®Ü‡®Ç ‡®¶‡®æ ‡®¨‡©∞‡®¶‡®æ- Sukhbir Badal | Khadoor Sahib Lok Sabha Election | N18S
#shorts #khadoorsahibnews #news18punjab #sukhbirsinghbadal #amritpalsingh 

Find Latest News, Top Headline And breaking news Watch your favorite newspapers News18 Punjab Himachal Haryana websites.

For All Live Coverage, Exclusive And Latest News Update, Watch The LIVE TV Of News18 Punjab/Haryana/Himachal, Catch The Latest News LIVE
News18 Mobile App: https://onelink.to/desc-youtube

News 18 Punjab/Haryana/Himachal is an exclusive news channel on YouTube which streams news related to Punjab, Haryana, Himachal Pradesh, Nation and the World. Along with the news, the channel also has debates on contemporary topics and shows on special series which are interesting and informative.

News18 ‡®™‡©∞‡®ú‡®æ‡®¨/‡§π‡§∞‡§ø‡§Ø‡§æ‡§£‡§æ/‡§π‡§ø‡§Æ‡§æ‡§ö‡§≤ ‡§è‡§ï ‡§ï‡•ç‡§∑‡•á‡§§‡•ç‡§∞‡•Ä‡§Ø ‡§®‡•ç‡§Ø‡•Ç‡§ú‡§º ‡§ö‡•à‡§®‡§≤ ‡§π‡•à ‡§ú‡§ø‡§∏‡§™‡§∞ ‡®™‡©∞‡®ú‡®æ‡®¨, ‡§π‡§∞‡§ø‡§Ø‡§æ‡§£‡§æ, ‡§π‡§ø‡§Æ‡§æ‡§ö‡§≤, ‡§¶‡•á‡§∂ ‡§è‡§µ‡§Ç ‡§µ‡§ø‡§¶‡•á‡§∂ ‡§ï‡•Ä ‡§ñ‡§¨‡§∞‡•á‡§Ç ‡§™‡•ç‡§∞‡§ï‡§æ‡§∂‡§ø‡§§ ‡§ï‡•Ä ‡§ú‡§æ‡§§‡•Ä ‡§π‡•à‡§Ç | ‡§∏‡§Æ‡§æ‡§ö‡§æ‡§∞‡•ã‡§Ç ‡§ï ‡§∏‡§æ‡§•-‡§∏‡§æ‡§• ‡§á‡§∏ ‡§ö‡•à‡§®‡§≤ ‡§™‡§∞ ‡§∏‡§Æ‡§ï‡§æ‡§≤‡•Ä‡§® ‡§µ‡§ø‡§∑‡§Ø‡•ã‡§Ç ‡§™‡§∞ ‡§µ‡§æ‡§¶-‡§µ‡§ø‡§µ‡§æ‡§¶ ‡§è‡§µ‡§Ç ‡§µ‡§ø‡§∂‡•á‡§∑ ‡§∏‡•Ä‡§∞‡•Ä‡§ú ‡§≠‡•Ä ‡§™‡•ç‡§∞‡§ï‡§æ‡§∂‡§ø‡§§ ‡§π‡•ã‡§§‡•Ä ‡§π‡•à‡§Ç ‡§ú‡•ã ‡§ï‡•Ä ‡§ï‡§æ‡§´‡•Ä ‡§∞‡•ã‡§ö‡§ï ‡§è‡§µ‡§Ç ‡§∏‡•Ç‡§ö‡§®‡§æ‡§™‡•Ç‡§∞‡•ç‡§£ ‡§π‡•à‡§Ç | n18oc_elections | n18oc_shorts

Subscribe to our channel: http://bit.ly/1IMIp73 

For Latest news and updates, log on to: https://bit.ly/2Cx91Ok

For Latest news and updates, log on to: 
https://onelink.to/desc-youtube

Follow Us on Twitter:
https://twitter.com/News18Haryana 
https://twitter.com/News18Himachal 
https://twitter.com/News18Punjab 

Like Us on Facebook:
https://www.facebook.com/News18Haryana/ 
https://www.facebook.com/News18Himachal/ 
https://www.facebook.com/News18Punjab",UC-crZTQNRzZgzyighTKF0nQ,2024-05-29T16:31:32Z,60,1714245,35000,1376,#amritpalsingh #khadoorsahibnews #news18punjab #shorts #sukhbirsinghbadal,,Politics and Society
01hp-B6itRY,REVEALED: Labours plans to raise your taxes,SUBSCRIBE for more üëâ http://youtube.com/conservatives?sub_confirmation=1,UCXNSyuKeoiHOld1OS3kHuVg,2025-06-25T13:45:41Z,49,735655,,2407,,,Politics and Society
5oz6JJ-hbkw,(EXPIRED) How To: SECRET RobTop Icon #gd,"Today I show you how to claim the Geometry Dash Awards/RobTop Icon, which is available for a limited time!

Discord Server ‚ñ∂ https://discord.gg/7RyT5R5DNU

#gd 
#robtop",UC3LpCKlKUtKi4Q5WEyIyunQ,2025-02-18T18:02:21Z,14,1194184,14526,176,#gd #robtop,,Politics and Society
EoMXm4TU5yk,How to hide apps on Android,"To hide an app on Android open the Settings, Go to Home Screen, Hide Apps on Home and App Screens and now select the Apps you want to Hide.

#tutorial #android #hideapps #tricks #secrets #secret",UCXtyKQlii_PcsodqfgY_dfA,2024-12-31T18:37:17Z,19,1542898,9183,87,#android #hideapps #secret #secrets #tricks #tutorial,,Politics and Society
44dNCrgYU3c,How To Fold A Suit Jacket For Travel,"Shop the suit: https://hespokestyle.com/product/medium-gray-twill-suit/

Join the community as an insider:
https://hespokestyle.com/newsletter-sign-up-youtube/

Shop essential menswear:
https://hespokestyle.com/shop/

Browse the essential men‚Äôs style library:
https://kit.co/hespokestyle/essential-library-of-men-s-style-books

---

NEW VIEWER? START HERE
https://www.youtube.com/playlist?list=PL3v2lRj6jZMeVLnSveZFagb48MaeGfAmo

---

WHO AM I? GET TO KNOW ME BETTER:
5 Things I Regret Buying The Most
https://www.youtube.com/watch?v=fEE5fURfTUk&list=PL3v2lRj6jZMdj2TKL6JezNG_DqudHnRLB&index=5

Reacting To Your Assumptions About Me
https://www.youtube.com/watch?v=cE0Qsgr1TbE

5 Things I Wish I Knew In My 20s
https://www.youtube.com/watch?v=04N8PCUMMaQ&list=PL3v2lRj6jZMdj2TKL6JezNG_DqudHnRLB&index=4

---

CONNECT WITH ME
Website: https://hespokestyle.com/
Instagram: https://www.instagram.com/hespokestyle
TikTok: https://www.tiktok.com/@hespokestyle
Pinterest: https://www.pinterest.com/hespokestyle/
Facebook: https://www.facebook.com/hespokestyle

For business inquiries and to work with Brian Sacawa or He Spoke Style, please email Ms. Stephanie Barron at stephanie@estatefive.vip.

Contains affiliate links // Stay tailored!

#hespokestyle #travelhacks #menswear",UC4A7_ROn-bKRIHaRxfWVaOw,2025-02-09T14:00:04Z,50,525569,8037,34,#hespokestyle #menswear #travelhacks,,Politics and Society
4WbB38xdqbk,‡®Æ‡©Å‡©±‡®ñ ‡®Æ‡©∞‡®§‡®∞‡©Ä ‡®®‡©á ‡®†‡©ã‡®ï '‡®§‡©á ‡®∏‡®æ‡®∞‡©á #shorts #reels #flood #floodinpunjab #mariyamnawaz #cm #punjab,"‡®Æ‡©Å‡©±‡®ñ ‡®Æ‡©∞‡®§‡®∞‡©Ä ‡®®‡©á ‡®†‡©ã‡®ï '‡®§‡©á ‡®∏‡®æ‡®∞‡©á #shorts #reels #flood #floodinpunjab #mariyamnawaz #cm #punjab 

Welcome to Social Media ‚Äì your source for interesting and informative content.
All content is edited, narrated, and transformed for news commentary & educational purposes.

We bring you unbiased, ground-level coverage of politics, public issues, and voices from the streets. We believe in fearless journalism that informs, empowers, and speaks the truth.

üëâ Subscribe now and be a part of our journey to uncover the truth.‚Äù

Shorts,Shorts Video,Viral Video,Reels,Viral reels,Punjab,Punjab Govt,AAP,Punjab CM,Cm Punjab,Bhagwant mann,Bhagwant Mann Punjab,Cm Mann,Today,Viral video,viral,video,reel,shorts,social media,punjabi status,punjabi,reels,viral punjabi video,Social Media,pakistan CM,Pakistan CM,Mariyam nawaz,maryam nawaz,maryam nawaz cm punjab,Flood,flood,flood in punjab,punjab cm,speech",UC7SqfV30WVbonU_dDnFAlzA,2025-09-30T06:52:52Z,25,1297931,27544,445,#cm #flood #floodinpunjab #mariyamnawaz #punjab #reels #shorts,,Politics and Society
fVu0G6nEBSA,I Was Born Into the Gulf Cartel‚ÄìTHIS IS WHAT HAPPENED,"In this clip from 7 Figure Squad Podcast, Jose Escamila Jr. discusses his experience of been born into the gulf cartel, this is what happened.

Matt Sapaula, is a former United States Marine turned veteran entrepreneur.

Matt helps those in transition of a new career and occupation to become an entrepreneur while acquiring the confidence, mindset and skills to win the money game. 

Would you like to ""pick Matt's brain""? Set up a consultation here via Minnect app:

https://app.minnect.com/expert/MattSapaula

Grab Matt's Amazon #1 best-selling book - Faith-Made Millionaire: 3 Pillars from the Good Book to Master Your Mindset, Morals and Money 
https://a.co/d/5nJI1Vn

Also grab Matt's newly released Amazon best-seller: GOTCHA: Your Money-Smart GPS Navigating the Five Pitfalls of Financial Freedom 
https://a.co/d/3bpw2Em

Would you like to start your business alongside Matt's mentorship in the life insurance industry?  

Apply here: https://livingmoneysmart.com/moneygame

Meanwhile, share in his journey to gain financial control over daily money matters and live your desired lifestyle.  

Find Matt Sapaula here too:  

http://www.moneysmartguy.com 

https://www.linkedin.com/in/mattsapaula/

http://www.instagram.com/moneysmartguy

http://www.twitter.com/moneysmartguy

http://www.facebook.com/MoneySmartGuyMattSapaula   

MATT SAPAULA YOUTUBE CHANNEL DISCLAIMER: Matt Sapaula is not a registered investment advisor for the offering or sale of securities nor to provide investment advice. Matt only deals in securities subject to an exemption from registration and will only provide investment services to accredited investors as defined by the Illinois Securities Act of 1953.

Matt Sapaula PHP Agency,patrick bet david,PBD Podcast,sales,entrepreneurship,7 figure squad,andrew tate,Gulf Cartel,Secret Weapon,Navy SEAL Training,U.S. Navy SEAL,Sinaloa Cartel,cartel training,cartel family ties,cartel military tactics,cartel insider story,Zetas cartel,Navy SEAL training link,drug cartels,cartel operations,cartel warfare,cartel hierarchy explained,Mexican drug war,cartel power dynamics,cartel supply chain",UC-rcwbOBt9njEyGw9MjTQ_w,2024-11-24T15:00:42Z,40,2123488,97230,2834,#1,,Conflict and Global Events
nHaRE6Ap7Uo,Stellar Blade is BETTER Than God Of War #stellarblade #godofwarragnarok #funnyclips,"i dont know about you guys but im convinced that its better lol

#stellarblade #godofwarragnarok #funnyclips
#shorts #Game #consoles #gamingPC #funnyclips #funny #entertainment #videoGames #PS5 #PS4 #gameplay",UCIKvkI5rL9xV4mM8i0cJEmg,2024-05-01T09:47:15Z,21,1717034,36884,1236,#Game #PS4 #PS5 #consoles #entertainment #funny #funnyclips #gameplay #gamingPC #godofwarragnarok #shorts #stellarblade #videoGames,,Conflict and Global Events
4WCA3dSPV84,Aircraft carriers fleet power by country 2024,"Countries by aircraft carriers fleet strength

Russian and US carriers shown in the animations are used solely for reference and visualization purposes.

üè∑Ô∏èTags:  #3d #military #comparison #CountryComparison #datacomparison #data

""Admiral Kuznetsov Aircraft Carrier (Prop)"" (https://skfb.ly/oSMPD) by DerpDude is licensed under Creative Commons Attribution

The Chance by Audionautix is licensed under a Creative Commons Attribution 4.0 license. https://creativecommons.org/licenses/by/4.0/

Artist: http://audionautix.com/",UCq7WUBL3ZOH40K0ebMGy4lA,2024-09-28T13:00:08Z,26,5005922,50781,1043,#3d #CountryComparison #comparison #data #datacomparison #military,,Conflict and Global Events
-6vNU12G-J4,She really stood her ground,"While a protest was in full swing and officers blasted water cannons at the crowd, one girl stood frozen in the middle of the street with her bike. Instead of moving out of the way, she stayed put‚Äîuntil the water blast got her too. A mix of protest fails, unexpected bloopers, and instant regret moments caught on camera.

Would you have stayed still or ran for it? üòÇ

#shorts #youtubeshorts #funnyfails #epicfails #protestfails #funnyvideo #lol #viral #comedy #bloopers #protest #viral",UC1wWqcnOjRtSrxNBpOUTf5w,2025-09-12T16:00:00Z,7,27411265,295803,22140,#bloopers #comedy #epicfails #funnyfails #funnyvideo #lol #protest #protestfails #shorts #viral #youtubeshorts,,Conflict and Global Events
0D_LL8nIK08,Police clash with pro-Palestine protesters at UT Austin,"At the University of Texas at Austin, a student protest in support of Palestine demanding the university divest from companies allegedly contributing to Palestinian deaths led to clashes with police, resulting in 57 arrests.

Story 1: https://cbsaustin.com/news/local/this-was-supposed-to-be-peaceful-dozens-detained-at-ut-austin-protest

Story 2: https://cbsaustin.com/news/local/dps-troopers-detain-protest-organizer-at-ut-austin-pro-palestine-demonstration
_______________
Stay up to date with CBS Austin by downloading our app: https://cbsaustin.com/station/mobile-apps

Follow us on social media:

Facebook: https://www.facebook.com/CBSAustin
Twitter: https://twitter.com/cbsaustin
Instagram: https://www.instagram.com/cbsaustin/
Subscribe to CBS Austin on YouTube: https://www.youtube.com/channel/UCT2FAPpgWOGGXtpheDT6jkQ//?sub_confirmation=1

Daily News Playlist:  https://www.youtube.com/playlist?list=PLztFNpGmRDH0-G8xQ8GAl5b99SvhChtKb

For more information, visit https://cbsaustin.com/

Have a news tip? Send it directly to us: 

Email us: news@cbsaustin.com
Call the Newsroom: 512.490.2199

CBS Austin is a Texas based station and a CBS Television affiliate owned and operated by Sinclair Broadcast Group. Sinclair Broadcast Group, Inc. is one of the largest and most diversified television broadcasting companies in the country today

#KEYE #CBSAustin #News #austin #texas #universityoftexas #palestine #israelpalestineonflict #freespeech #divestment #walkout #activism",UCT2FAPpgWOGGXtpheDT6jkQ,2024-04-25T21:50:50Z,60,560567,17899,7326,#CBSAustin #KEYE #News #activism #austin #divestment #freespeech #israelpalestineonflict #palestine #texas #universityoftexas #walkout,,Conflict and Global Events
Yf6NVXsO_WI,The Most Satisfying Tire Cutting ASMR #shorts #recycle #shortvideo,,UCbD8GCQLh0-PcdqnZLU43JA,2025-04-12T03:55:01Z,18,36036093,61522,67,#recycle #shorts #shortvideo,,Environmental and Ethical Issues
Io_9ObmPnDQ,‡∞ö‡±à‡∞®‡∞æ‡∞≤‡±ã Expired Food ‡∞∞‡±Ä‡∞∏‡±à‡∞ï‡±ç‡∞≤‡∞ø‡∞Ç‡∞ó‡±ç! Expired Food Recycling In China! #shorts,"‡∞ö‡±à‡∞®‡∞æ‡∞≤‡±ã Expired Food ‡∞∞‡±Ä‡∞∏‡±à‡∞ï‡±ç‡∞≤‡∞ø‡∞Ç‡∞ó‡±ç! Expired Food Recycling In China! #shorts
#viralshort  #viralshorts #youtubeshorts #short #shortvideo

This Video Is Made For Educational Purpose Only.

Copyright Disclaimer :
Under section 107 of the Copyright Act of 1976, allowance is made for ‚Äúfair use‚Äù for purposes such as criticism, comment, news reporting, teaching, scholarship, education and research. Fair use is a use permitted by copyright statute that might otherwise be infringing.

The videos, songs, images, and graphics used in this video belong to their respective owners and I or this channel does not claim any right over them.


Your Quires :

food recycler machine, food recycler, food recycling, food recycling machine, food recycling industries, food recycling in china, expired food recycling, waste food recycling machine, expired food recycling business, food waste recycling project, telugu facts, facts, kamad truth media

Follow Us On :
Facebook
facebook.com/kamadtruthmedia

Instagram
instagram.com/KamadTM

Twitter
x.com/KaMadTMedia

#foodrecycler #foodrecyclermachine #foodrecycling #foodrecyclingmachine #foodrecyclingbusiness #foodrecyclingindustries #foodrecyclinginchina #expiredfoodrecycling #foodwasterecyclingmachine #recyclingfoodwaste #foodrecyclingideas #wastefoodrecyclingmachine #wastefooddisposalmachine #foodwasterecyclingproject #telugufacts #facts #kamadtruthmedia",UC2S6btIR_BgetgCAAfgYwWw,2025-03-22T02:30:10Z,21,5182040,14760,57,#expiredfoodrecycling #facts #foodrecycler #foodrecyclermachine #foodrecycling #foodrecyclingbusiness #foodrecyclingideas #foodrecyclinginchina #foodrecyclingindustries #foodrecyclingmachine #foodwasterecyclingmachine #foodwasterecyclingproject #kamadtruthmedia #recyclingfoodwaste #short #shorts #shortvideo #telugufacts #viralshort #viralshorts #wastefooddisposalmachine #wastefoodrecyclingmachine #youtubeshorts,,Environmental and Ethical Issues
AKnWMHBkp3w,"The People of Pam Golding featuring Mariel Burger, Campaigning for animal rights","At Pam Golding we understand that the most valuable properties are those that can‚Äôt be bought or sold.

Visit: https://bit.ly/46EGZcL 

#RemarkableHumanProperties",UCOhFVQ6zZUdwKV5ctMwdpBQ,2023-10-25T05:55:43Z,15,614438,7,0,#RemarkableHumanProperties,,Environmental and Ethical Issues
