video_id,title,view_count,duration_seconds
XMy2-13yZVk,UNCONTACTED TRIBE ATTACKS NELK BOYS ğŸ˜³,3360197,21
Xr_AW7t9jjY,Ilia Topuria tried to get the Nelk boys to FaceTime with Conor McGregor,1382540,39
KoMh_pdH8iU,Tim Dillonâ€™s Hilarious Reaction to The Nelk Boys Situation ğŸ˜‚ğŸ˜­,1354593,40
SSKvPi34GZU,Kyle Gets Pissed And Fights Influencer Who Talks ShT #nelk  #nelkboyspodcast  #golf #tournament,121204,52
jFJG-fv62V4,Cinna Wasn't Expecting Togi To Say This,5851054,21
4VUqlRZIDfU,Topuria Funny Surprise to Nelk Boys,63761,22
adUSdFDJGTw,Bob Menery ALWAYS Whining About Someone Owing Him Money #nelk #funny #talkshow #stevewilldoit,904908,30
D7J-KlRPldQ,SteveWillDoIt Might Be The Funniest Person Ever Live Kick Stream Nelk Boys #nelk #funny #comedy,1528,29
j0aQnLI983w,Dad gets up to fight ğŸ˜± @nelkboys #nelk #funny #edit #funnyvideo #prank #pranks #prankvideo #fight,1861,11
aZYsMdOobd0,ğŸ¤¯ #funny #danawhite #poker #casino #blackjack #clip #viral #adinross #xqc #youtube #nelk #ufc,11574857,9
6lx9ccaA8-Q,NELK boys video #funny #streamer #nelk #youtubeshorts,,33
LLNjAEncqCk,What is bro buying #stevewilldoit #funny #money #nelk,16527,22
S0cQz481p3E,Kyle had a tailgate SHUT DOWN ğŸ’€ #nelk #funny #shorts,2534,15
W0Osr3B2P28,NelkBoys make a hole-in-one after 60 HOURS of streaming ğŸ˜¯ #nelk #nelkboys #golf #viral,33600,56
N3PvKV_qvaI,Kyle from NELK had no idea who Sam Frank was ğŸ˜­ #samfrank #kyle #nelk #trending #fyp #funny #idea,19413,13
z4GWbpBEVuY,the nelk boys complete the hole in one challenge ğŸ’€ğŸ”¥ #nelk #funny #nelkboys #kick #kyle #steiny,12554,11
Dp7OKnzdds0,We Met Our Girlfriend's Parents and They Hated Us @nelkboys #nelk #funny #prank #pranks,4422,23
U6WUgoQqSXE,WHAT is this guy doing ğŸ˜­ğŸ’” #nelk #funny #shorts,22022,17
Fses5n-Efbc,Kyle gets Steiny INSANE gift ğŸ˜­ğŸ’€ #nelk #funny #shorts,6760,9
c7eG87g8YnI,nelk afterparty hole in one challenge #kick #nelkboys #nelk #funny,3721,10
gWtnifeYc2Y,Ranking Best Make Me Mad ChallengeğŸ˜­ #shorts #funny #meme,41763124,53
tminOL8Sh8I,The last one will make you really shocked!! #guessthesong,25615231,59
G4FdSZYgoME,Firefighter's Hilarious Prank on Officers ğŸ˜‚ #shorts,13452016,16
EWPyFu_9DYk,Link To Watch Todays Vid Here ğŸ‘†,19283090,60
x24Bb2NaA6Q,FAKE TRAINER PRANK with LARRY WHEELS #gym #funny #trolllife,18887557,152
_fkCbMtRqQU,They all the same height ğŸ¤£ #zachcray #funnymoments #funniestytclips #sh,18328826,44
r8LGqwk0rMg,Lacy waited for the â€œ67â€ order ğŸ˜‚ğŸ¥€#lacy #marlon #67,16959576,18
9rpA_3ELsxI,Ranking  Best Walmart Funny Names MomentsğŸ¤£#ranking #funny #tiktok,13108277,46
V19JjcyQYzw,79 iqâ˜ ï¸ @TOGI #togi #mataneven #podcast #gymbro #memes #funny,8061964,16
Gd-WIbWl1ho,Ranking Funniest Orders Before Closing ğŸ¤£ (Part 5) #ranking #memes #funny #tiktok,11317727,55
mF1CzHfDUc8,They didn't believe in him ğŸ’€ğŸ¤£ #christianhooligan #funnypranks #pranklab #shorts,11353176,41
5tWoYbhD1h0,Streamer Tricks Homeless Lady into Jumping into LakeğŸ˜±,10928321,34
LriA3Y60jBg,Scared these guys off the liftğŸ˜‚ #prankcall #gondola #chairlift #skiing #snowboarding #skiresort,9774802,47
aZYsMdOobd0,ğŸ¤¯ #funny #danawhite #poker #casino #blackjack #clip #viral #adinross #xqc #youtube #nelk #ufc,11574849,9
u02oa4mokjU,32KG Mop Shocks GIRLS and BodyBuilders in a GYM #gym #trolllife #funny,7589979,83
c6XVIIbZ_f0,Top 5 Matt vs Peyton jokes of all time pt.2ğŸ¤£,5826893,51
5EBU_8-d7xA,ğŸ˜³ğŸ¤¯ #danawhite #blackjack #funny #poker #podcast #adinross #casino #nelk #youtube #ufc,9814480,9
yzG6boDk3hU,Top 3 Craziest Caleb Hammer Moments ğŸ˜­,6280272,58
jFJG-fv62V4,Cinna Wasn't Expecting Togi To Say This,5851054,21
06djulJUjp4,SOCIAL ANXIETY FEARS BRO  #trentwins,7375527,11
